{"cameraMode":{"drawMode":0,"name":"Shaded","section":"Shading Mode"},"sceneLighting":false,"audioPlay":false,"sceneViewState":{"m_AlwaysRefresh":false,"showFog":true,"showSkybox":false,"showFlares":true,"showImageEffects":true,"showParticleSystems":true,"showVisualEffectGraphs":true,"m_FxEnabled":true},"in2DMode":false,"pivot":{"x":0.3570413589477539,"y":0.2877490520477295,"z":-0.09708678722381592},"rotation":{"x":0.28530579805374148,"y":0.3668927848339081,"z":-0.11930882185697556,"w":0.8773673176765442},"size":4.372632026672363,"orthographic":false}